nsta_rank,nsta_pipeline_number,pipeline_name,fluid,nsta_status,length_km,pipe_grade,smys_mpa,design_factor,pressure_basis,max_operating_pressure_barg,inner_diameter_mm,reported_wall_thickness_mm,review_margin_fraction,pressure_mpa_for_check,outer_diameter_mm,barlow_min_wall_mm,pressure_margin_mm,pressure_margin_fraction,pressure_utilization_fraction,status,notes
1,PL774,CATS PIPELINE,GAS,ACTIVE,404.973744,X60,413.7,0.72,NSTA MX_OP_PRES barg plus atmospheric pressure for screening consistency,179.3,857.6,28.4,0.2,18.031325,914.4,27.676798,0.723202,0.025465,0.974535,review_required,"Positive pressure margin, but below the screening review threshold of 20% of reported wall thickness."
2,PL1761,20in Gas Trunkline - Schiehallion PLEM to Sullom Voe terminal,GAS,ACTIVE,188.0,X60,413.7,0.72,NSTA MX_OP_PRES barg plus atmospheric pressure for screening consistency,235.0,473.0,17.5,0.2,23.601325,508.0,20.125751,-2.625751,-0.150043,1.150043,fail_sanity,"Calculated pressure minimum exceeds reported wall thickness; verify NSTA dimensions, pressure basis, pipe grade, and design factor."
3,PL762,SAGE PIPELINE,GAS,ACTIVE,323.737672,X60,413.7,0.72,NSTA MX_OP_PRES barg plus atmospheric pressure for screening consistency,172.3,716.5,22.7,0.2,17.331325,761.9,22.165714,0.534286,0.023537,0.976463,review_required,"Positive pressure margin, but below the screening review threshold of 20% of reported wall thickness."
4,PL3088,CYGNUS TO ETS GAS PIPELINE,GAS,ACTIVE,50.2338,X60,413.7,0.72,NSTA MX_OP_PRES barg plus atmospheric pressure for screening consistency,139.3,565.0,22.2,0.2,14.031325,609.4,14.353345,7.846655,0.353453,0.646547,pass_sanity,Reported wall thickness is above the simple pressure minimum by at least the screening review threshold.
5,PL2225,BBL BALGZAND TO BACTON,GAS,ACTIVE,229.28041,X60,413.7,0.72,NSTA MX_OP_PRES barg plus atmospheric pressure for screening consistency,137.4,872.6,20.9,0.2,13.841325,914.4,21.245447,-0.345447,-0.016529,1.016529,fail_sanity,"Calculated pressure minimum exceeds reported wall thickness; verify NSTA dimensions, pressure basis, pipe grade, and design factor."
6,PL164,MAGNUS TO BRENT A (NLGP),GAS,ACTIVE,79.33639,X60,413.7,0.72,NSTA MX_OP_PRES barg plus atmospheric pressure for screening consistency,147.0,476.0,15.9,0.2,14.801325,507.8,12.616686,3.283314,0.206498,0.793502,pass_sanity,Reported wall thickness is above the simple pressure minimum by at least the screening review threshold.
7,PL1339,BACTON TO ZEEBRUGE,GAS,ACTIVE,231.578833,X60,413.7,0.72,NSTA MX_OP_PRES barg plus atmospheric pressure for screening consistency,147.0,972.48,21.76,0.2,14.801325,1016.0,25.243309,-3.483309,-0.160079,1.160079,fail_sanity,"Calculated pressure minimum exceeds reported wall thickness; verify NSTA dimensions, pressure basis, pipe grade, and design factor."
8,PL774,CATS PIPELINE,GAS,ACTIVE,0.10245,X60,413.7,0.72,NSTA MX_OP_PRES barg plus atmospheric pressure for screening consistency,179.3,857.6,33.9,0.2,18.031325,925.4,28.009743,5.890257,0.173754,0.826246,review_required,"Positive pressure margin, but below the screening review threshold of 20% of reported wall thickness."
9,"PL762
PL762
PL762",SAGE PIPELINE,GAS,ACTIVE,0.136346,X60,413.7,0.72,NSTA MX_OP_PRES barg plus atmospheric pressure for screening consistency,172.3,716.5,28.6,0.2,17.331325,773.7,22.509008,6.090992,0.212972,0.787028,pass_sanity,Reported wall thickness is above the simple pressure minimum by at least the screening review threshold.
10,PL1849,Central Gas Jumper from Manifold M1J to Manifold M1C,GAS,ACTIVE,6.073,X60,413.7,0.72,NSTA MX_OP_PRES barg plus atmospheric pressure for screening consistency,257.0,517.56,20.62,0.2,25.801325,558.8,24.201952,-3.581952,-0.173713,1.173713,fail_sanity,"Calculated pressure minimum exceeds reported wall thickness; verify NSTA dimensions, pressure basis, pipe grade, and design factor."
11,PL1360,FPSO - 10in Production Flowline - 10in Flowline L43,MIXED HYDROCARBONS,NOT IN USE,35.308,X60,413.7,0.72,NSTA MX_OP_PRES barg plus atmospheric pressure for screening consistency,257.0,276.1,23.9,0.2,25.801325,323.9,14.028297,9.871703,0.413042,0.586958,pass_sanity,Reported wall thickness is above the simple pressure minimum by at least the screening review threshold.
12,PL3086,CYGNUS A TO CYGNUS B GAS PIPELINE,GAS,ACTIVE,7.7208,X60,413.7,0.72,NSTA MX_OP_PRES barg plus atmospheric pressure for screening consistency,325.0,273.0,25.4,0.2,32.601325,323.8,17.720015,7.679985,0.302362,0.697638,pass_sanity,Reported wall thickness is above the simple pressure minimum by at least the screening review threshold.
13,PL872,TIFFANY GAS EXPORT,GAS,ACTIVE,36.365,X60,413.7,0.72,NSTA MX_OP_PRES barg plus atmospheric pressure for screening consistency,248.0,244.5,14.3,0.2,24.901325,273.1,11.415532,2.884468,0.201711,0.798289,pass_sanity,Reported wall thickness is above the simple pressure minimum by at least the screening review threshold.
14,PL3924,1in Gas Lift Line - Machar Gas Lift Manifold to Well W197,GAS,ACTIVE,4.084,X60,413.7,0.72,NSTA MX_OP_PRES barg plus atmospheric pressure for screening consistency,182.0,254.0,98.05,0.2,18.301325,450.1,13.827496,84.222504,0.858975,0.141025,pass_sanity,Reported wall thickness is above the simple pressure minimum by at least the screening review threshold.
15,PL1361,FPSO - 8in Production Flowline - 8in Flowline L42,MIXED HYDROCARBONS,NOT IN USE,22.778,X60,413.7,0.72,NSTA MX_OP_PRES barg plus atmospheric pressure for screening consistency,257.0,236.5,34.0,0.2,25.801325,304.5,13.188072,20.811928,0.612116,0.387884,pass_sanity,Reported wall thickness is above the simple pressure minimum by at least the screening review threshold.
16,PL2141,FPSO - 10in Production Flowline - 10in Flowline L27,MIXED HYDROCARBONS,NOT IN USE,22.91,X60,413.7,0.72,NSTA MX_OP_PRES barg plus atmospheric pressure for screening consistency,257.0,236.5,34.0,0.2,25.801325,304.5,13.188072,20.811928,0.612116,0.387884,pass_sanity,Reported wall thickness is above the simple pressure minimum by at least the screening review threshold.
17,PL2921,EAST ROCHELLE TO SSIV ROCHELLE,GAS,ACTIVE,29.590354,X60,413.7,0.72,NSTA MX_OP_PRES barg plus atmospheric pressure for screening consistency,245.0,228.7,20.6,0.2,24.601325,269.9,11.145855,9.454145,0.458939,0.541061,pass_sanity,Reported wall thickness is above the simple pressure minimum by at least the screening review threshold.
18,PL1257A,ERSKINE TO LOMOND GAS CONDENSATE LINE,CONDENSATE,ACTIVE,30.24559,X60,413.7,0.72,NSTA MX_OP_PRES barg plus atmospheric pressure for screening consistency,118.0,374.6,15.9,0.2,11.901325,406.4,8.118971,7.781029,0.489373,0.510627,pass_sanity,Reported wall thickness is above the simple pressure minimum by at least the screening review threshold.
19,PL917,NINIAN CENTRAL GAS IMPORT FROM BRENT WLGP,GAS,ACTIVE,25.496,X60,413.7,0.72,NSTA MX_OP_PRES barg plus atmospheric pressure for screening consistency,136.0,371.4,17.5,0.2,13.701325,406.4,9.346914,8.153086,0.465891,0.534109,pass_sanity,Reported wall thickness is above the simple pressure minimum by at least the screening review threshold.
20,PL1340,BACTON TO ZEEBRUGE (onshore),GAS,ACTIVE,1.42367,X60,413.7,0.72,NSTA MX_OP_PRES barg plus atmospheric pressure for screening consistency,140.0,972.48,27.46,0.2,14.101325,1027.4,24.319322,3.140678,0.114373,0.885627,review_required,"Positive pressure margin, but below the screening review threshold of 20% of reported wall thickness."
21,PL1760,12in Gas Export - Schiehallion  M1C to Schiehallion PLEM,GAS,ACTIVE,17.0,X60,413.7,0.72,NSTA MX_OP_PRES barg plus atmospheric pressure for screening consistency,235.0,295.3,14.3,0.2,23.601325,323.9,12.832147,1.467853,0.102647,0.897353,review_required,"Positive pressure margin, but below the screening review threshold of 20% of reported wall thickness."
22,PL3517,Production Jumper Bundle from Manifold M41 to Manifold M43 - Production/Test,MIXED HYDROCARBONS,ACTIVE,0.047,X60,413.7,0.72,NSTA MX_OP_PRES barg plus atmospheric pressure for screening consistency,257.0,152.4,87.25,0.2,25.801325,326.9,14.158228,73.091772,0.837728,0.162272,pass_sanity,Reported wall thickness is above the simple pressure minimum by at least the screening review threshold.
23,PL3635,Production Jumper Bundle from Manifold M1 to Manifold M1X - Gas,GAS,ACTIVE,0.08,X60,413.7,0.72,NSTA MX_OP_PRES barg plus atmospheric pressure for screening consistency,257.0,152.4,87.25,0.2,25.801325,326.9,14.158228,73.091772,0.837728,0.162272,pass_sanity,Reported wall thickness is above the simple pressure minimum by at least the screening review threshold.
24,PL3639,Production Jumper Bundle from Manifold M1X to XT CP20 - Production/Test,MIXED HYDROCARBONS,ACTIVE,0.047,X60,413.7,0.72,NSTA MX_OP_PRES barg plus atmospheric pressure for screening consistency,257.0,152.4,87.25,0.2,25.801325,326.9,14.158228,73.091772,0.837728,0.162272,pass_sanity,Reported wall thickness is above the simple pressure minimum by at least the screening review threshold.
25,PL3636,Production Jumper Bundle from Manifold M1 to Manifold M1X - Production,MIXED HYDROCARBONS,ACTIVE,0.08,X60,413.7,0.72,NSTA MX_OP_PRES barg plus atmospheric pressure for screening consistency,257.0,152.4,87.25,0.2,25.801325,326.9,14.158228,73.091772,0.837728,0.162272,pass_sanity,Reported wall thickness is above the simple pressure minimum by at least the screening review threshold.
26,PL3632,Production Jumper Bundle from M1X to XT CP01 (M1X) - Production,MIXED HYDROCARBONS,ACTIVE,0.062,X60,413.7,0.72,NSTA MX_OP_PRES barg plus atmospheric pressure for screening consistency,257.0,152.4,87.25,0.2,25.801325,326.9,14.158228,73.091772,0.837728,0.162272,pass_sanity,Reported wall thickness is above the simple pressure minimum by at least the screening review threshold.
27,PL3628,Production Jumper Bundle from Manifold M1X to XT CP21 - Production,MIXED HYDROCARBONS,ACTIVE,0.04,X60,413.7,0.72,NSTA MX_OP_PRES barg plus atmospheric pressure for screening consistency,257.0,152.4,87.25,0.2,25.801325,326.9,14.158228,73.091772,0.837728,0.162272,pass_sanity,Reported wall thickness is above the simple pressure minimum by at least the screening review threshold.
28,PL3634,Production Jumper Bundle from Manifold M1X to XT CP20 - Production,MIXED HYDROCARBONS,ACTIVE,0.047,X60,413.7,0.72,NSTA MX_OP_PRES barg plus atmospheric pressure for screening consistency,257.0,152.4,87.25,0.2,25.801325,326.9,14.158228,73.091772,0.837728,0.162272,pass_sanity,Reported wall thickness is above the simple pressure minimum by at least the screening review threshold.
29,PL3627,Production Jumper Bundle from Manifold M1X to XT CP21 - Gas,GAS,ACTIVE,0.04,X60,413.7,0.72,NSTA MX_OP_PRES barg plus atmospheric pressure for screening consistency,257.0,152.4,87.25,0.2,25.801325,326.9,14.158228,73.091772,0.837728,0.162272,pass_sanity,Reported wall thickness is above the simple pressure minimum by at least the screening review threshold.
30,PL3631,Production Jumper Bundle from M1X to XT CP01 (M1X) - Gas,GAS,ACTIVE,0.062,X60,413.7,0.72,NSTA MX_OP_PRES barg plus atmospheric pressure for screening consistency,257.0,152.4,87.25,0.2,25.801325,326.9,14.158228,73.091772,0.837728,0.162272,pass_sanity,Reported wall thickness is above the simple pressure minimum by at least the screening review threshold.
31,PL3633,Production Jumper Bundle from Manifold M1X to XT CP20 - Gas,GAS,ACTIVE,0.055,X60,413.7,0.72,NSTA MX_OP_PRES barg plus atmospheric pressure for screening consistency,257.0,152.4,87.25,0.2,25.801325,326.9,14.158228,73.091772,0.837728,0.162272,pass_sanity,Reported wall thickness is above the simple pressure minimum by at least the screening review threshold.
32,PL2759J2,LAGGAN MANIFOLD TO ILT 1-1/2 ON PL2759,GAS,ACTIVE,0.12098,X60,413.7,0.72,NSTA MX_OP_PRES barg plus atmospheric pressure for screening consistency,517.0,230.2,21.44,0.2,51.801325,273.08,23.745578,-2.305578,-0.107536,1.107536,fail_sanity,"Calculated pressure minimum exceeds reported wall thickness; verify NSTA dimensions, pressure basis, pipe grade, and design factor."
33,PL2759J1,TORMORE MANIFOLD TO TORMORE FLET 1-1,GAS,ACTIVE,0.110162,X60,413.7,0.72,NSTA MX_OP_PRES barg plus atmospheric pressure for screening consistency,517.0,230.2,21.44,0.2,51.801325,273.08,23.745578,-2.305578,-0.107536,1.107536,fail_sanity,"Calculated pressure minimum exceeds reported wall thickness; verify NSTA dimensions, pressure basis, pipe grade, and design factor."
34,PL918,STRATHSPEY TO NINIAN CENTRAL (PL918),MIXED HYDROCARBONS,NOT IN USE,15.608,X60,413.7,0.72,NSTA MX_OP_PRES barg plus atmospheric pressure for screening consistency,201.0,225.4,23.8,0.2,20.201325,273.0,9.257516,14.542484,0.611029,0.388971,pass_sanity,Reported wall thickness is above the simple pressure minimum by at least the screening review threshold.
35,PL1387,FPSO - 8in Production Flowline - 8in Flowline L2,MIXED HYDROCARBONS,NOT IN USE,20.025,X60,413.7,0.72,NSTA MX_OP_PRES barg plus atmospheric pressure for screening consistency,257.0,236.5,18.3,0.2,25.801325,273.1,11.828119,6.471881,0.353655,0.646345,pass_sanity,Reported wall thickness is above the simple pressure minimum by at least the screening review threshold.
36,PL6385,AFFLECK PRODUCTION PIPE-IN-PIPE FROM AFFLECK MANIFOLD TO TALBOT MANIFOLD,MIXED HYDROCARBONS,ACTIVE,20.97,X60,413.7,0.72,NSTA MX_OP_PRES barg plus atmospheric pressure for screening consistency,345.0,177.9,20.6,0.2,34.601325,219.1,12.725859,7.874141,0.38224,0.61776,pass_sanity,Reported wall thickness is above the simple pressure minimum by at least the screening review threshold.
37,PL1384,FPSO - 10in Production Flowline - 10in Flowline L4,MIXED HYDROCARBONS,NOT IN USE,15.554,X60,413.7,0.72,NSTA MX_OP_PRES barg plus atmospheric pressure for screening consistency,257.0,236.5,18.3,0.2,25.801325,273.1,11.828119,6.471881,0.353655,0.646345,pass_sanity,Reported wall thickness is above the simple pressure minimum by at least the screening review threshold.
38,PL2670,"TULLICH 6"" PRODUCTION AT WELL P31",MIXED HYDROCARBONS,NOT IN USE,0.113564,X60,413.7,0.72,NSTA MX_OP_PRES barg plus atmospheric pressure for screening consistency,220.0,152.4,65.1,0.2,22.101325,282.6,10.484373,54.615627,0.83895,0.16105,pass_sanity,Reported wall thickness is above the simple pressure minimum by at least the screening review threshold.
39,PL3110,"TULLICH 6"" PRODUCTION AT WELL P35",MIXED HYDROCARBONS,NOT IN USE,0.066904,X60,413.7,0.72,NSTA MX_OP_PRES barg plus atmospheric pressure for screening consistency,220.0,152.4,65.1,0.2,22.101325,282.6,10.484373,54.615627,0.83895,0.16105,pass_sanity,Reported wall thickness is above the simple pressure minimum by at least the screening review threshold.
40,PL2922,WEST ROCHELLE TO EAST ROCHELLE PL2922,GAS,ACTIVE,7.589996,X60,413.7,0.72,NSTA MX_OP_PRES barg plus atmospheric pressure for screening consistency,245.0,228.7,20.6,0.2,24.601325,269.9,11.145855,9.454145,0.458939,0.541061,pass_sanity,Reported wall thickness is above the simple pressure minimum by at least the screening review threshold.
41,PL919,STRATHSPEY TO NINIAN CENTRAL (PL919),MIXED HYDROCARBONS,NOT IN USE,15.555,X60,413.7,0.72,NSTA MX_OP_PRES barg plus atmospheric pressure for screening consistency,201.0,177.9,20.6,0.2,20.201325,219.1,7.42975,13.17025,0.639333,0.360667,pass_sanity,Reported wall thickness is above the simple pressure minimum by at least the screening review threshold.
42,PL920,STRATHSPEY TO NINIAN CENTRAL (PL920),MIXED HYDROCARBONS,NOT IN USE,15.637,X60,413.7,0.72,NSTA MX_OP_PRES barg plus atmospheric pressure for screening consistency,200.0,177.9,20.6,0.2,20.101325,219.1,7.392972,13.207028,0.641118,0.358882,pass_sanity,Reported wall thickness is above the simple pressure minimum by at least the screening review threshold.
43,PL921,STRATHSPEY TO NINIAN CENTRAL (PL921),MIXED HYDROCARBONS,NOT IN USE,15.555,X60,413.7,0.72,NSTA MX_OP_PRES barg plus atmospheric pressure for screening consistency,200.0,177.9,20.6,0.2,20.101325,219.1,7.392972,13.207028,0.641118,0.358882,pass_sanity,Reported wall thickness is above the simple pressure minimum by at least the screening review threshold.
44,PL1386,FPSO - 10in Production Flowline - 10in Flowline L5,MIXED HYDROCARBONS,NOT IN USE,35.391,X60,413.7,0.72,NSTA MX_OP_PRES barg plus atmospheric pressure for screening consistency,257.0,149.3,9.5,0.2,25.801325,168.3,7.289171,2.210829,0.232719,0.767281,pass_sanity,Reported wall thickness is above the simple pressure minimum by at least the screening review threshold.
45,PL2365,"TULLICH 6"" PRODUCTION AT WELL P25",MIXED HYDROCARBONS,NOT IN USE,0.074551,X60,413.7,0.72,NSTA MX_OP_PRES barg plus atmospheric pressure for screening consistency,207.0,152.4,65.25,0.2,20.801325,282.9,9.878157,55.371843,0.848611,0.151389,pass_sanity,Reported wall thickness is above the simple pressure minimum by at least the screening review threshold.
46,PL1648,TRITON FPSO TO BITTERN DCB OIL LINE 2,MIXED HYDROCARBONS,ACTIVE,20.206963,X60,413.7,0.72,NSTA MX_OP_PRES barg plus atmospheric pressure for screening consistency,180.0,244.5,14.3,0.2,18.101325,273.1,8.298203,6.001797,0.419706,0.580294,pass_sanity,Reported wall thickness is above the simple pressure minimum by at least the screening review threshold.
47,PL1652,GW PROD LINE 1 DC1 VIA DC2 TO TRITON FPSO,MIXED HYDROCARBONS,ACTIVE,3.056,X60,413.7,0.72,NSTA MX_OP_PRES barg plus atmospheric pressure for screening consistency,180.0,304.8,20.0,0.2,18.101325,344.8,10.476823,9.523177,0.476159,0.523841,pass_sanity,Reported wall thickness is above the simple pressure minimum by at least the screening review threshold.
48,PL200,STATFJORD B SPUR (NLGP),GAS,ACTIVE,10.887477,X60,413.7,0.72,NSTA MX_OP_PRES barg plus atmospheric pressure for screening consistency,172.0,295.0,14.27,0.2,17.301325,323.54,9.396353,4.873647,0.341531,0.658469,pass_sanity,Reported wall thickness is above the simple pressure minimum by at least the screening review threshold.
49,PL1891.1,ANP TIE-IN SPOOL,MIXED HYDROCARBONS,ACTIVE,0.127,X60,413.7,0.72,NSTA MX_OP_PRES barg plus atmospheric pressure for screening consistency,320.0,211.1,31.1,0.2,32.101325,273.3,14.72701,16.37299,0.526463,0.473537,pass_sanity,Reported wall thickness is above the simple pressure minimum by at least the screening review threshold.
50,PL1891.2,ANP TIE-IN SPOOL,MIXED HYDROCARBONS,ACTIVE,0.103,X60,413.7,0.72,NSTA MX_OP_PRES barg plus atmospheric pressure for screening consistency,320.0,211.1,31.1,0.2,32.101325,273.3,14.72701,16.37299,0.526463,0.473537,pass_sanity,Reported wall thickness is above the simple pressure minimum by at least the screening review threshold.
51,PL1251,THELMA PRODUCTION PIPELINE,MIXED HYDROCARBONS,ACTIVE,11.825,X60,413.7,0.72,NSTA MX_OP_PRES barg plus atmospheric pressure for screening consistency,290.0,238.5,17.3,0.2,29.101325,273.1,13.340941,3.959059,0.228847,0.771153,pass_sanity,Reported wall thickness is above the simple pressure minimum by at least the screening review threshold.
52,PL2921,SSIV ROCHELLE TO SCOTT GAS PL2921,GAS,ACTIVE,0.553784,X60,413.7,0.72,NSTA MX_OP_PRES barg plus atmospheric pressure for screening consistency,245.0,228.7,20.6,0.2,24.601325,269.9,11.145855,9.454145,0.458939,0.541061,pass_sanity,Reported wall thickness is above the simple pressure minimum by at least the screening review threshold.
53,PL1645,TRITON FPSO TO GANNET DIVERTER,GAS,ACTIVE,11.958,X60,413.7,0.72,NSTA MX_OP_PRES barg plus atmospheric pressure for screening consistency,200.0,251.3,10.9,0.2,20.101325,273.1,9.215064,1.684936,0.154581,0.845419,review_required,"Positive pressure margin, but below the screening review threshold of 20% of reported wall thickness."
54,PL3999JWP2,GLENLIVET WELL GP2 TO MANIFOLD - PROD,GAS,ACTIVE,0.071483,X60,413.7,0.72,NSTA MX_OP_PRES barg plus atmospheric pressure for screening consistency,517.0,124.5,21.9,0.2,51.801325,168.3,14.634469,7.265531,0.331759,0.668241,pass_sanity,Reported wall thickness is above the simple pressure minimum by at least the screening review threshold.
55,PL3733,TORMORE WELL TO MANIFOLD - PROD,GAS,ACTIVE,0.058953,X60,413.7,0.72,NSTA MX_OP_PRES barg plus atmospheric pressure for screening consistency,517.0,124.5,21.9,0.2,51.801325,168.3,14.634469,7.265531,0.331759,0.668241,pass_sanity,Reported wall thickness is above the simple pressure minimum by at least the screening review threshold.
56,PL3995JWP1,EDRADOUR WELL TO MANIFOLD - PROD,GAS,ACTIVE,0.065881,X60,413.7,0.72,NSTA MX_OP_PRES barg plus atmospheric pressure for screening consistency,517.0,124.5,21.9,0.2,51.801325,168.3,14.634469,7.265531,0.331759,0.668241,pass_sanity,Reported wall thickness is above the simple pressure minimum by at least the screening review threshold.
57,PL3999JWP1,GLENLIVET WELL GP1 TO MANIFOLD - PROD,GAS,ACTIVE,0.067026,X60,413.7,0.72,NSTA MX_OP_PRES barg plus atmospheric pressure for screening consistency,517.0,124.5,21.9,0.2,51.801325,168.3,14.634469,7.265531,0.331759,0.668241,pass_sanity,Reported wall thickness is above the simple pressure minimum by at least the screening review threshold.
58,PL2924,WEST ROCHELLE WELL TO WEST MANIFOLD  PL2924,GAS,ACTIVE,0.079941,X60,413.7,0.72,NSTA MX_OP_PRES barg plus atmospheric pressure for screening consistency,345.0,136.5,15.9,0.2,34.601325,168.3,9.775272,6.124728,0.385203,0.614797,pass_sanity,Reported wall thickness is above the simple pressure minimum by at least the screening review threshold.
59,PL3080JMDC5,STELLA MDC TO WELL A3Y (SCP2) PRODUCTION,MIXED HYDROCARBONS,ACTIVE,0.138,X60,413.7,0.72,NSTA MX_OP_PRES barg plus atmospheric pressure for screening consistency,421.0,139.8,14.3,0.2,42.201325,168.4,11.929443,2.370557,0.165773,0.834227,review_required,"Positive pressure margin, but below the screening review threshold of 20% of reported wall thickness."
60,PL3080JMDC4,STELLA MDC TO WELL A2Z (SCP3) PRODUCTION,MIXED HYDROCARBONS,ACTIVE,0.095,X60,413.7,0.72,NSTA MX_OP_PRES barg plus atmospheric pressure for screening consistency,421.0,139.8,14.3,0.2,42.201325,168.4,11.929443,2.370557,0.165773,0.834227,review_required,"Positive pressure margin, but below the screening review threshold of 20% of reported wall thickness."
61,PL3080JNDC1,STELLA NDC MANIFOLD TO WELL B1X (SNP2) PRODUCTION,MIXED HYDROCARBONS,ACTIVE,0.089,X60,413.7,0.72,NSTA MX_OP_PRES barg plus atmospheric pressure for screening consistency,421.0,139.8,14.3,0.2,42.201325,168.4,11.929443,2.370557,0.165773,0.834227,review_required,"Positive pressure margin, but below the screening review threshold of 20% of reported wall thickness."
62,PL1911JC,"TULLICH 6"" PRODUCTION AT WELL P15",MIXED HYDROCARBONS,NOT IN USE,0.054049,X60,413.7,0.72,NSTA MX_OP_PRES barg plus atmospheric pressure for screening consistency,200.0,152.4,49.4,0.2,20.101325,251.2,8.476105,40.923895,0.828419,0.171581,pass_sanity,Reported wall thickness is above the simple pressure minimum by at least the screening review threshold.
63,PL1911JB,"TULLICH 6"" PRODUCTION AT WELL P14",MIXED HYDROCARBONS,NOT IN USE,0.052036,X60,413.7,0.72,NSTA MX_OP_PRES barg plus atmospheric pressure for screening consistency,200.0,152.4,49.4,0.2,20.101325,251.2,8.476105,40.923895,0.828419,0.171581,pass_sanity,Reported wall thickness is above the simple pressure minimum by at least the screening review threshold.
64,PL1891.3,ANP TIE-IN SPOOL,MIXED HYDROCARBONS,ACTIVE,0.124,X60,413.7,0.72,NSTA MX_OP_PRES barg plus atmospheric pressure for screening consistency,320.0,168.1,25.5,0.2,32.101325,219.1,11.806395,13.693605,0.537004,0.462996,pass_sanity,Reported wall thickness is above the simple pressure minimum by at least the screening review threshold.
65,PL1253,THELMA GAS LIFT,GAS,ACTIVE,6.9487,X60,413.7,0.72,NSTA MX_OP_PRES barg plus atmospheric pressure for screening consistency,240.0,101.5,31.1,0.2,24.101325,163.7,6.622799,24.477201,0.787048,0.212952,pass_sanity,Reported wall thickness is above the simple pressure minimum by at least the screening review threshold.
66,PL3184,Clair Ridge - 6in Gas Export Pipeline,GAS,ACTIVE,13.9,X60,413.7,0.72,NSTA MX_OP_PRES barg plus atmospheric pressure for screening consistency,235.0,146.3,11.0,0.2,23.601325,168.3,6.667645,4.332355,0.39385,0.60615,pass_sanity,Reported wall thickness is above the simple pressure minimum by at least the screening review threshold.
67,PL1648,BITTERN DCB TO BITTERN DCA OIL LINE 2,MIXED HYDROCARBONS,ACTIVE,1.7,X60,413.7,0.72,NSTA MX_OP_PRES barg plus atmospheric pressure for screening consistency,180.0,244.5,14.3,0.2,18.101325,273.1,8.298203,6.001797,0.419706,0.580294,pass_sanity,Reported wall thickness is above the simple pressure minimum by at least the screening review threshold.
68,PL1714,Production Jumper Bundle from Manifold M21 to Manifold M24 - Gas,GAS,ACTIVE,0.056,X60,413.7,0.72,NSTA MX_OP_PRES barg plus atmospheric pressure for screening consistency,257.0,241.0,17.7,0.2,25.801325,276.4,11.971044,5.728956,0.32367,0.67633,pass_sanity,Reported wall thickness is above the simple pressure minimum by at least the screening review threshold.
69,PL3262,Production Jumper Bundle from Manifold M1 to XT CP05 - Production,MIXED HYDROCARBONS,ACTIVE,0.031,X60,413.7,0.72,NSTA MX_OP_PRES barg plus atmospheric pressure for screening consistency,257.0,241.0,17.7,0.2,25.801325,276.4,11.971044,5.728956,0.32367,0.67633,pass_sanity,Reported wall thickness is above the simple pressure minimum by at least the screening review threshold.
70,PL3286,Production Jumper Bundle from Manifold M1 to XT CP05 - Production/Test,MIXED HYDROCARBONS,ACTIVE,0.031,X60,413.7,0.72,NSTA MX_OP_PRES barg plus atmospheric pressure for screening consistency,257.0,241.0,17.7,0.2,25.801325,276.4,11.971044,5.728956,0.32367,0.67633,pass_sanity,Reported wall thickness is above the simple pressure minimum by at least the screening review threshold.
71,PL3457,Production Jumper Bundle from Manifold M21 to XT WP02 - Production,MIXED HYDROCARBONS,ACTIVE,0.18,X60,413.7,0.72,NSTA MX_OP_PRES barg plus atmospheric pressure for screening consistency,257.0,241.0,17.7,0.2,25.801325,276.4,11.971044,5.728956,0.32367,0.67633,pass_sanity,Reported wall thickness is above the simple pressure minimum by at least the screening review threshold.
72,PL3393,Production Jumper Bundle from Manifold M121 to XT FP02 - Production/Test,MIXED HYDROCARBONS,ACTIVE,0.056,X60,413.7,0.72,NSTA MX_OP_PRES barg plus atmospheric pressure for screening consistency,257.0,241.0,17.7,0.2,25.801325,276.4,11.971044,5.728956,0.32367,0.67633,pass_sanity,Reported wall thickness is above the simple pressure minimum by at least the screening review threshold.
73,PL3456,Production Jumper Bundle from Manifold M21 to XT WP01 - Production,MIXED HYDROCARBONS,ACTIVE,0.044,X60,413.7,0.72,NSTA MX_OP_PRES barg plus atmospheric pressure for screening consistency,257.0,241.0,17.7,0.2,25.801325,276.4,11.971044,5.728956,0.32367,0.67633,pass_sanity,Reported wall thickness is above the simple pressure minimum by at least the screening review threshold.
74,PL3516,Loyal Production Jumper XT LP03 to Manifold M43,MIXED HYDROCARBONS,ACTIVE,0.047,X60,413.7,0.72,NSTA MX_OP_PRES barg plus atmospheric pressure for screening consistency,257.0,241.3,15.9,0.2,25.801325,273.1,11.828119,4.071881,0.256093,0.743907,pass_sanity,Reported wall thickness is above the simple pressure minimum by at least the screening review threshold.
75,PL3390,8in Gas Lift Pipeline L121,GAS,ACTIVE,0.053,X60,413.7,0.72,NSTA MX_OP_PRES barg plus atmospheric pressure for screening consistency,257.0,241.3,15.9,0.2,25.801325,273.1,11.828119,4.071881,0.256093,0.743907,pass_sanity,Reported wall thickness is above the simple pressure minimum by at least the screening review threshold.
76,PL1416,FPSO - 8in Production Flowline - 8in Flowline L23,MIXED HYDROCARBONS,NOT IN USE,1.618,X60,413.7,0.72,NSTA MX_OP_PRES barg plus atmospheric pressure for screening consistency,257.0,192.1,13.5,0.2,25.801325,219.1,9.489348,4.010652,0.297085,0.702915,pass_sanity,Reported wall thickness is above the simple pressure minimum by at least the screening review threshold.
77,PL922,NINIAN CENTRAL TO STRATHSPEY UTILITIES,MIXED HYDROCARBONS,NOT IN USE,15.729,X60,413.7,0.72,NSTA MX_OP_PRES barg plus atmospheric pressure for screening consistency,200.0,80.1,17.1,0.2,20.101325,114.3,3.856763,13.243237,0.774458,0.225542,pass_sanity,Reported wall thickness is above the simple pressure minimum by at least the screening review threshold.
78,PL1845,Clair 6in Gas Export/import,GAS,ACTIVE,10.1,X60,413.7,0.72,NSTA MX_OP_PRES barg plus atmospheric pressure for screening consistency,235.0,146.3,11.0,0.2,23.601325,168.3,6.667645,4.332355,0.39385,0.60615,pass_sanity,Reported wall thickness is above the simple pressure minimum by at least the screening review threshold.
79,PL1647,"GE 9"" PROD FLEXIBLE 2",MIXED HYDROCARBONS,ACTIVE,0.220925,X60,413.7,0.72,NSTA MX_OP_PRES barg plus atmospheric pressure for screening consistency,180.0,228.6,35.3,0.2,18.101325,299.2,9.091257,26.208743,0.742457,0.257543,pass_sanity,Reported wall thickness is above the simple pressure minimum by at least the screening review threshold.
80,PL1431,8in Gas Lift / Export Pipeline L21,GAS,ACTIVE,6.601,X60,413.7,0.72,NSTA MX_OP_PRES barg plus atmospheric pressure for screening consistency,257.0,182.5,18.3,0.2,25.801325,219.1,9.489348,8.810652,0.481456,0.518544,pass_sanity,Reported wall thickness is above the simple pressure minimum by at least the screening review threshold.
81,PL3466,West Gas Jumper from Manifold M25 to Manifold M125,GAS,ACTIVE,0.149,X60,413.7,0.72,NSTA MX_OP_PRES barg plus atmospheric pressure for screening consistency,257.0,152.0,33.0,0.2,25.801325,218.0,9.441706,23.558294,0.713888,0.286112,pass_sanity,Reported wall thickness is above the simple pressure minimum by at least the screening review threshold.
82,PL3037,PL3037 - GEAD EXPORT SSIV TO GEAD PLEM,GAS,ACTIVE,17.985015,X60,413.7,0.72,NSTA MX_OP_PRES barg plus atmospheric pressure for screening consistency,180.0,146.3,10.9,0.2,18.101325,168.1,5.107755,5.792245,0.531399,0.468601,pass_sanity,Reported wall thickness is above the simple pressure minimum by at least the screening review threshold.
83,PL1252,THELMA TEST PIPELINE,MIXED HYDROCARBONS,ACTIVE,11.825,X60,413.7,0.72,NSTA MX_OP_PRES barg plus atmospheric pressure for screening consistency,290.0,144.9,11.7,0.2,29.101325,168.3,8.221458,3.478542,0.297311,0.702689,pass_sanity,Reported wall thickness is above the simple pressure minimum by at least the screening review threshold.
84,PL1357JW123,W123 to Machar Production Manifold 6in Production Line,MIXED HYDROCARBONS,ACTIVE,2.957,X60,413.7,0.72,NSTA MX_OP_PRES barg plus atmospheric pressure for screening consistency,215.0,237.1,18.0,0.2,21.601325,273.1,9.90271,8.09729,0.449849,0.550151,pass_sanity,Reported wall thickness is above the simple pressure minimum by at least the screening review threshold.
85,PL1385,FPSO - 10in Production Flowline - 10in Flowline L3,MIXED HYDROCARBONS,NOT IN USE,19.955,X60,413.7,0.72,NSTA MX_OP_PRES barg plus atmospheric pressure for screening consistency,257.0,98.5,7.9,0.2,25.801325,114.3,4.950399,2.949601,0.373367,0.626633,pass_sanity,Reported wall thickness is above the simple pressure minimum by at least the screening review threshold.
86,PL3081JMDC2,STELLA MDC TO WELL A2Z (SCP3) GAS LIFT LINE,GAS,ACTIVE,0.099,X60,413.7,0.72,NSTA MX_OP_PRES barg plus atmospheric pressure for screening consistency,421.0,50.8,14.3,0.2,42.201325,79.4,5.62469,8.67531,0.606665,0.393335,pass_sanity,Reported wall thickness is above the simple pressure minimum by at least the screening review threshold.
87,PL6018,"PL6018 DISCONNECTED GE MANIFOLD to GE-03 XMAS TREE 6"" FLEXIBLE JUMPER",MIXED HYDROCARBONS,NOT IN USE,0.054,X60,413.7,0.72,NSTA MX_OP_PRES barg plus atmospheric pressure for screening consistency,200.0,152.4,33.05,0.2,20.101325,218.5,7.372726,25.677274,0.776922,0.223078,pass_sanity,Reported wall thickness is above the simple pressure minimum by at least the screening review threshold.
88,PL3081JMDC1,STELLA MDC TO WELL A1Z (SCP1) GAS LIFT LINE,MIXED HYDROCARBONS,ACTIVE,0.083,X60,413.7,0.72,NSTA MX_OP_PRES barg plus atmospheric pressure for screening consistency,421.0,50.8,14.3,0.2,42.201325,79.4,5.62469,8.67531,0.606665,0.393335,pass_sanity,Reported wall thickness is above the simple pressure minimum by at least the screening review threshold.
89,PL3444,West Production Jumper B (10in) from Manifold M125 to Manifold M24,MIXED HYDROCARBONS,ACTIVE,3.646,X60,413.7,0.72,NSTA MX_OP_PRES barg plus atmospheric pressure for screening consistency,257.0,188.0,16.7,0.2,25.801325,221.4,9.588962,7.111038,0.425811,0.574189,pass_sanity,Reported wall thickness is above the simple pressure minimum by at least the screening review threshold.
90,PL2204,W127 to W123 6in Production Line,MIXED HYDROCARBONS,ACTIVE,10.073,X60,413.7,0.72,NSTA MX_OP_PRES barg plus atmospheric pressure for screening consistency,215.0,152.4,27.85,0.2,21.601325,208.1,7.545786,20.304214,0.729056,0.270944,pass_sanity,Reported wall thickness is above the simple pressure minimum by at least the screening review threshold.
91,PL3168,PL3168 - GEAD NORTHERN DRILL CENTRE MANIFOLD TO GEAD NORTH FIELD SSIV,MIXED HYDROCARBONS,ACTIVE,5.866146,X60,413.7,0.72,NSTA MX_OP_PRES barg plus atmospheric pressure for screening consistency,175.0,200.0,9.5,0.2,17.601325,219.0,6.470554,3.029446,0.318889,0.681111,pass_sanity,Reported wall thickness is above the simple pressure minimum by at least the screening review threshold.
92,PL1891(J)P1,"AXS TO WELL P1 6"" PRODUCTION SPOOL",MIXED HYDROCARBONS,ACTIVE,0.055,X60,413.7,0.72,NSTA MX_OP_PRES barg plus atmospheric pressure for screening consistency,320.0,137.9,15.2,0.2,32.101325,168.3,9.068993,6.131007,0.403356,0.596644,pass_sanity,Reported wall thickness is above the simple pressure minimum by at least the screening review threshold.
93,PL1891(J)P2,"AXS TO WELL P2 6"" PRODUCTION SPOOL",MIXED HYDROCARBONS,ACTIVE,0.04,X60,413.7,0.72,NSTA MX_OP_PRES barg plus atmospheric pressure for screening consistency,320.0,137.9,15.2,0.2,32.101325,168.3,9.068993,6.131007,0.403356,0.596644,pass_sanity,Reported wall thickness is above the simple pressure minimum by at least the screening review threshold.
94,PL1891(J)P4,"AXS TO WELL P4 6"" PRODUCTION SPOOL",MIXED HYDROCARBONS,ACTIVE,0.04,X60,413.7,0.72,NSTA MX_OP_PRES barg plus atmospheric pressure for screening consistency,320.0,137.9,15.2,0.2,32.101325,168.3,9.068993,6.131007,0.403356,0.596644,pass_sanity,Reported wall thickness is above the simple pressure minimum by at least the screening review threshold.
95,PL1891(J)P6,"AXS TO WELL P6 6"" PRODUCTION SPOOL",MIXED HYDROCARBONS,ACTIVE,0.062,X60,413.7,0.72,NSTA MX_OP_PRES barg plus atmospheric pressure for screening consistency,320.0,137.9,15.2,0.2,32.101325,168.3,9.068993,6.131007,0.403356,0.596644,pass_sanity,Reported wall thickness is above the simple pressure minimum by at least the screening review threshold.
96,PL1891(J)P3,"AXS TO WELL P3 6"" PRODUCTION SPOOL",MIXED HYDROCARBONS,ACTIVE,0.033,X60,413.7,0.72,NSTA MX_OP_PRES barg plus atmospheric pressure for screening consistency,320.0,137.9,15.2,0.2,32.101325,168.3,9.068993,6.131007,0.403356,0.596644,pass_sanity,Reported wall thickness is above the simple pressure minimum by at least the screening review threshold.
97,PL1891(J)P5,"AXS TO WELL P5 6"" PRODUCTION SPOOL",MIXED HYDROCARBONS,ACTIVE,0.062,X60,413.7,0.72,NSTA MX_OP_PRES barg plus atmospheric pressure for screening consistency,320.0,137.9,15.2,0.2,32.101325,168.3,9.068993,6.131007,0.403356,0.596644,pass_sanity,Reported wall thickness is above the simple pressure minimum by at least the screening review threshold.
98,PL3294,Central Gas Jumper from Manifold M1J to Manifold M1C,GAS,ACTIVE,14.458,X60,413.7,0.72,NSTA MX_OP_PRES barg plus atmospheric pressure for screening consistency,257.0,146.36,10.97,0.2,25.801325,168.3,7.289171,3.680829,0.335536,0.664464,pass_sanity,Reported wall thickness is above the simple pressure minimum by at least the screening review threshold.
99,PL2203,W126 to Machar Production Manifold 6in Production Line,MIXED HYDROCARBONS,ACTIVE,0.086,X60,413.7,0.72,NSTA MX_OP_PRES barg plus atmospheric pressure for screening consistency,215.0,247.7,12.7,0.2,21.601325,273.1,9.90271,2.79729,0.220259,0.779741,pass_sanity,Reported wall thickness is above the simple pressure minimum by at least the screening review threshold.
100,PL2201,W124 to Machar Production Manifold 6in Production Line,MIXED HYDROCARBONS,ACTIVE,0.051,X60,413.7,0.72,NSTA MX_OP_PRES barg plus atmospheric pressure for screening consistency,215.0,248.5,12.3,0.2,21.601325,273.1,9.90271,2.39729,0.194902,0.805098,review_required,"Positive pressure margin, but below the screening review threshold of 20% of reported wall thickness."
101,PL1357JW122,W122 to Machar Production Manifold 6in Production Line,MIXED HYDROCARBONS,ACTIVE,0.057,X60,413.7,0.72,NSTA MX_OP_PRES barg plus atmospheric pressure for screening consistency,215.0,248.5,12.3,0.2,21.601325,273.1,9.90271,2.39729,0.194902,0.805098,review_required,"Positive pressure margin, but below the screening review threshold of 20% of reported wall thickness."
102,PL2245,FPSO - 10in Production Flowline - 10in Flowline L122,MIXED HYDROCARBONS,NOT IN USE,1.327,X60,413.7,0.72,NSTA MX_OP_PRES barg plus atmospheric pressure for screening consistency,257.0,142.9,12.7,0.2,25.801325,168.3,7.289171,5.410829,0.42605,0.57395,pass_sanity,Reported wall thickness is above the simple pressure minimum by at least the screening review threshold.
103,PL3168,PL3168 - GEAD NORTH FIELD SSIV TO GEAD WELL HEAD PLATFORM,MIXED HYDROCARBONS,ACTIVE,0.300666,X60,413.7,0.72,NSTA MX_OP_PRES barg plus atmospheric pressure for screening consistency,175.0,200.0,9.5,0.2,17.601325,219.0,6.470554,3.029446,0.318889,0.681111,pass_sanity,Reported wall thickness is above the simple pressure minimum by at least the screening review threshold.
104,PL4721,STELLA NDC MANIFOLD TO WELL B3Y (SNP1) GAS LIFT LINE,GAS,ACTIVE,0.134,X60,413.7,0.72,NSTA MX_OP_PRES barg plus atmospheric pressure for screening consistency,421.0,49.3,5.5,0.2,42.201325,60.3,4.271647,1.228353,0.223337,0.776663,pass_sanity,Reported wall thickness is above the simple pressure minimum by at least the screening review threshold.
105,PL3081JNDC3,STELLA NDC MANIFOLD TO WELL B1X (SNP2) GAS LIFT LINE,GAS,ACTIVE,0.091,X60,413.7,0.72,NSTA MX_OP_PRES barg plus atmospheric pressure for screening consistency,421.0,49.3,5.5,0.2,42.201325,60.3,4.271647,1.228353,0.223337,0.776663,pass_sanity,Reported wall thickness is above the simple pressure minimum by at least the screening review threshold.
106,PL3081JNDC4,STELLA NDC MANIFOLD TO WELL B2 2 INCH GAS LIFT LINE,GAS,ACTIVE,0.075,X60,413.7,0.72,NSTA MX_OP_PRES barg plus atmospheric pressure for screening consistency,421.0,49.3,5.5,0.2,42.201325,60.3,4.271647,1.228353,0.223337,0.776663,pass_sanity,Reported wall thickness is above the simple pressure minimum by at least the screening review threshold.
107,PL1645,GAS EXPORT FLEXIBLE RISER,GAS,ACTIVE,0.555,X60,413.7,0.72,NSTA MX_OP_PRES barg plus atmospheric pressure for screening consistency,200.0,251.3,10.9,0.2,20.101325,273.1,9.215064,1.684936,0.154581,0.845419,review_required,"Positive pressure margin, but below the screening review threshold of 20% of reported wall thickness."
108,PL166,THISTLE TO MURCHISON SPUR (NLGP),GAS,ACTIVE,11.509616,X60,413.7,0.72,NSTA MX_OP_PRES barg plus atmospheric pressure for screening consistency,147.0,143.0,12.7,0.2,14.801325,168.4,4.184029,8.515971,0.670549,0.329451,pass_sanity,Reported wall thickness is above the simple pressure minimum by at least the screening review threshold.
109,PL6108,TRITON FPSO BITTERN GAS LIFT RISER,GAS,ACTIVE,0.237,X60,413.7,0.72,NSTA MX_OP_PRES barg plus atmospheric pressure for screening consistency,200.0,124.0,39.0,0.2,20.101325,202.0,6.815976,32.184024,0.825231,0.174769,pass_sanity,Reported wall thickness is above the simple pressure minimum by at least the screening review threshold.
110,PL2202,W125 to W120 6in Production Line,MIXED HYDROCARBONS,ACTIVE,3.863,X60,413.7,0.72,NSTA MX_OP_PRES barg plus atmospheric pressure for screening consistency,215.0,193.7,12.7,0.2,21.601325,219.1,7.94465,4.75535,0.374437,0.625563,pass_sanity,Reported wall thickness is above the simple pressure minimum by at least the screening review threshold.
111,PL72,NINIAN SOUTHERN GAS EXPORT PIPELINE,GAS,NOT IN USE,6.514,X60,413.7,0.72,NSTA MX_OP_PRES barg plus atmospheric pressure for screening consistency,45.0,177.9,20.6,0.2,4.601325,219.1,1.6923,18.9077,0.91785,0.08215,pass_sanity,Reported wall thickness is above the simple pressure minimum by at least the screening review threshold.
112,PL4191,2in Gas Jumper between CP24 and M1X,GAS,ACTIVE,1.491,X60,413.7,0.72,NSTA MX_OP_PRES barg plus atmospheric pressure for screening consistency,257.0,136.5,15.9,0.2,25.801325,168.3,7.289171,8.610829,0.541562,0.458438,pass_sanity,Reported wall thickness is above the simple pressure minimum by at least the screening review threshold.
113,PL3031,PL3031 - GEAD SOUTHERN DRILL CENTRE MANIFOLD TO GEAD SOUTH INFIELD SSIV,MIXED HYDROCARBONS,ACTIVE,4.356247,X60,413.7,0.72,NSTA MX_OP_PRES barg plus atmospheric pressure for screening consistency,175.0,152.0,7.92,0.2,17.601325,167.84,4.958985,2.961015,0.373865,0.626135,pass_sanity,Reported wall thickness is above the simple pressure minimum by at least the screening review threshold.
114,PL2006,Heather Alpha to Broom Manifold,GAS,NOT IN USE,7.6,X60,413.7,0.72,NSTA MX_OP_PRES barg plus atmospheric pressure for screening consistency,110.0,152.5,6.4,0.2,11.101325,165.3,3.080347,3.319653,0.518696,0.481304,pass_sanity,Reported wall thickness is above the simple pressure minimum by at least the screening review threshold.
115,PL3037,PL3037 - GEAD WELL HEAD PLATFORM TO GEAD EXPORT SSIV,GAS,ACTIVE,0.223626,X60,413.7,0.72,NSTA MX_OP_PRES barg plus atmospheric pressure for screening consistency,180.0,146.3,10.9,0.2,18.101325,168.1,5.107755,5.792245,0.531399,0.468601,pass_sanity,Reported wall thickness is above the simple pressure minimum by at least the screening review threshold.
116,PL3037,PL3037 - GEAD PLEM TO ETTRICK PLEM,GAS,ACTIVE,0.085591,X60,413.7,0.72,NSTA MX_OP_PRES barg plus atmospheric pressure for screening consistency,180.0,146.3,10.9,0.2,18.101325,168.1,5.107755,5.792245,0.531399,0.468601,pass_sanity,Reported wall thickness is above the simple pressure minimum by at least the screening review threshold.
117,PL3031,PL3031 - GEAD WELL HEAD PLATFORM TO GEAD SOUTH INFIELD SSIV,MIXED HYDROCARBONS,ACTIVE,0.301509,X60,413.7,0.72,NSTA MX_OP_PRES barg plus atmospheric pressure for screening consistency,175.0,152.0,7.92,0.2,17.601325,167.84,4.958985,2.961015,0.373865,0.626135,pass_sanity,Reported wall thickness is above the simple pressure minimum by at least the screening review threshold.
118,PL3642,Production Jumper Bundle from Manifold M1 to Manifold M1X - Production/Test,MIXED HYDROCARBONS,ACTIVE,0.08,X60,413.7,0.72,NSTA MX_OP_PRES barg plus atmospheric pressure for screening consistency,257.0,63.5,30.5,0.2,25.801325,124.5,5.392167,25.107833,0.823208,0.176792,pass_sanity,Reported wall thickness is above the simple pressure minimum by at least the screening review threshold.
119,PL3638,Production Jumper Bundle from M1X to XT CP01 (M1X) - Production/Test,MIXED HYDROCARBONS,ACTIVE,0.062,X60,413.7,0.72,NSTA MX_OP_PRES barg plus atmospheric pressure for screening consistency,257.0,63.5,30.5,0.2,25.801325,124.5,5.392167,25.107833,0.823208,0.176792,pass_sanity,Reported wall thickness is above the simple pressure minimum by at least the screening review threshold.
120,PL3637,Production Jumper Bundle from Manifold M1X to XT CP21 - Production/Test,MIXED HYDROCARBONS,ACTIVE,0.04,X60,413.7,0.72,NSTA MX_OP_PRES barg plus atmospheric pressure for screening consistency,257.0,63.5,30.5,0.2,25.801325,124.5,5.392167,25.107833,0.823208,0.176792,pass_sanity,Reported wall thickness is above the simple pressure minimum by at least the screening review threshold.
121,PL4769,PN3 WELL TO NTM TOWHEAD,MIXED HYDROCARBONS,ACTIVE,0.050822,X60,413.7,0.72,NSTA MX_OP_PRES barg plus atmospheric pressure for screening consistency,248.0,142.9,12.7,0.2,24.901325,168.3,7.03491,5.66509,0.44607,0.55393,pass_sanity,Reported wall thickness is above the simple pressure minimum by at least the screening review threshold.
122,PL4763,PN7 WELL TO NTM TOWHEAD,MIXED HYDROCARBONS,ACTIVE,0.058742,X60,413.7,0.72,NSTA MX_OP_PRES barg plus atmospheric pressure for screening consistency,248.0,142.9,12.7,0.2,24.901325,168.3,7.03491,5.66509,0.44607,0.55393,pass_sanity,Reported wall thickness is above the simple pressure minimum by at least the screening review threshold.
123,PL2671,"TULLICH 1.5"" GAS LIFT AT WELL P31",GAS,NOT IN USE,0.112165,X60,413.7,0.72,NSTA MX_OP_PRES barg plus atmospheric pressure for screening consistency,207.0,38.1,32.7,0.2,20.801325,103.5,3.61396,29.08604,0.889481,0.110519,pass_sanity,Reported wall thickness is above the simple pressure minimum by at least the screening review threshold.
124,PL1912JC,"TULLICH 4"" GAS LIFT AT WELL P15",GAS,NOT IN USE,0.0558,X60,413.7,0.72,NSTA MX_OP_PRES barg plus atmospheric pressure for screening consistency,200.0,101.6,18.6,0.2,20.101325,138.8,4.683453,13.916547,0.748201,0.251799,pass_sanity,Reported wall thickness is above the simple pressure minimum by at least the screening review threshold.
125,PL3111,"TULLICH 3"" GAS LIFT AT WELL P35",GAS,NOT IN USE,0.074569,X60,413.7,0.72,NSTA MX_OP_PRES barg plus atmospheric pressure for screening consistency,207.0,38.1,32.7,0.2,20.801325,103.5,3.61396,29.08604,0.889481,0.110519,pass_sanity,Reported wall thickness is above the simple pressure minimum by at least the screening review threshold.
126,PL1912JB,"TULLICH 4"" GAS LIFT AT WELL P14",GAS,NOT IN USE,0.052996,X60,413.7,0.72,NSTA MX_OP_PRES barg plus atmospheric pressure for screening consistency,200.0,101.6,18.6,0.2,20.101325,138.8,4.683453,13.916547,0.748201,0.251799,pass_sanity,Reported wall thickness is above the simple pressure minimum by at least the screening review threshold.
127,PL3169,PL3169 - GEAD NORTHERN DRILL CENTRE MANIFOLD TO GEAD NORTH FIELD SSIV,GAS,ACTIVE,5.867632,X60,413.7,0.72,NSTA MX_OP_PRES barg plus atmospheric pressure for screening consistency,180.0,100.0,7.14,0.2,18.101325,114.28,3.472423,3.667577,0.513666,0.486334,pass_sanity,Reported wall thickness is above the simple pressure minimum by at least the screening review threshold.
128,PL1415,FPSO - 10in Production Flowline - 10in Flowline L24,MIXED HYDROCARBONS,NOT IN USE,1.534,X60,413.7,0.72,NSTA MX_OP_PRES barg plus atmospheric pressure for screening consistency,257.0,73.7,7.6,0.2,25.801325,88.9,3.850311,3.749689,0.49338,0.50662,pass_sanity,Reported wall thickness is above the simple pressure minimum by at least the screening review threshold.
129,PL3032,PL3032 - GEAD SOUTHERN DRILL CENTRE MANIFOLD TO GEAD SOUTH INFIELD SSIV,GAS,ACTIVE,4.35801,X60,413.7,0.72,NSTA MX_OP_PRES barg plus atmospheric pressure for screening consistency,180.0,98.4,7.92,0.2,18.101325,114.24,3.471207,4.448793,0.561716,0.438284,pass_sanity,Reported wall thickness is above the simple pressure minimum by at least the screening review threshold.
130,PL6012,"PL6012 DISCONNECTED GE MANIFOLD to GE-03 XMAS TREE 3"" FLEXIBLE JUMPER",GAS,NOT IN USE,0.055,X60,413.7,0.72,NSTA MX_OP_PRES barg plus atmospheric pressure for screening consistency,200.0,76.2,19.6,0.2,20.101325,115.4,3.893879,15.706121,0.801333,0.198667,pass_sanity,Reported wall thickness is above the simple pressure minimum by at least the screening review threshold.
131,PL6484,GNW TREE 21/24-W7Z (EC) PROD LINE,MIXED HYDROCARBONS,ACTIVE,0.204,X60,413.7,0.72,NSTA MX_OP_PRES barg plus atmospheric pressure for screening consistency,200.0,131.76,18.26,0.2,20.101325,168.28,5.67818,12.58182,0.689037,0.310963,pass_sanity,Reported wall thickness is above the simple pressure minimum by at least the screening review threshold.
132,PL6603,"PL6603 EVELYN EV02 6"" PRODUCTION TIE-IN SPOOLS",GAS,ACTIVE,0.061,X60,413.7,0.72,NSTA MX_OP_PRES barg plus atmospheric pressure for screening consistency,200.0,131.76,18.26,0.2,20.101325,168.28,5.67818,12.58182,0.689037,0.310963,pass_sanity,Reported wall thickness is above the simple pressure minimum by at least the screening review threshold.
133,PL6496,GNW TREE 21/24-W5Z (TF) PROD LINE,MIXED HYDROCARBONS,ACTIVE,0.0136,X60,413.7,0.72,NSTA MX_OP_PRES barg plus atmospheric pressure for screening consistency,200.0,131.76,18.26,0.2,20.101325,168.28,5.67818,12.58182,0.689037,0.310963,pass_sanity,Reported wall thickness is above the simple pressure minimum by at least the screening review threshold.
134,PL3032,PL3032 - GEAD WELL HEAD PLATFORM TO GEAD SOUTH INFIELD SSIV,GAS,ACTIVE,0.301354,X60,413.7,0.72,NSTA MX_OP_PRES barg plus atmospheric pressure for screening consistency,180.0,98.4,7.92,0.2,18.101325,114.24,3.471207,4.448793,0.561716,0.438284,pass_sanity,Reported wall thickness is above the simple pressure minimum by at least the screening review threshold.
135,PL3169,PL3169 - GEAD NORTH FIELD SSIV TO GEAD WELL HEAD PLATFORM,GAS,ACTIVE,0.305142,X60,413.7,0.72,NSTA MX_OP_PRES barg plus atmospheric pressure for screening consistency,180.0,100.0,7.14,0.2,18.101325,114.28,3.472423,3.667577,0.513666,0.486334,pass_sanity,Reported wall thickness is above the simple pressure minimum by at least the screening review threshold.
136,PL1652.6,GW TREE 21/24-E2Y (TA) PROD LINE,MIXED HYDROCARBONS,NOT IN USE,0.0307,X60,413.7,0.72,NSTA MX_OP_PRES barg plus atmospheric pressure for screening consistency,180.0,97.1,8.6,0.2,18.101325,114.3,3.47303,5.12697,0.596159,0.403841,pass_sanity,Reported wall thickness is above the simple pressure minimum by at least the screening review threshold.
137,PL917A,NINIAN CENTRAL GAS IMPORT RISER,GAS,ACTIVE,0.196,X60,413.7,0.72,NSTA MX_OP_PRES barg plus atmospheric pressure for screening consistency,136.0,184.1,9.5,0.2,13.701325,203.1,4.671157,4.828843,0.508299,0.491701,pass_sanity,Reported wall thickness is above the simple pressure minimum by at least the screening review threshold.
138,PL6107,"GE 3"" Gas lift flexible",GAS,ACTIVE,0.1,X60,413.7,0.72,NSTA MX_OP_PRES barg plus atmospheric pressure for screening consistency,200.0,76.2,19.6,0.2,20.101325,115.4,3.893879,15.706121,0.801333,0.198667,pass_sanity,Reported wall thickness is above the simple pressure minimum by at least the screening review threshold.
139,PL6485,GNW TREE 21/24-W7Z (EC) GAS LIFT JUMPER,GAS,ACTIVE,0.2181,X60,413.7,0.72,NSTA MX_OP_PRES barg plus atmospheric pressure for screening consistency,200.0,73.66,19.8,0.2,20.101325,113.26,3.82167,15.97833,0.806986,0.193014,pass_sanity,Reported wall thickness is above the simple pressure minimum by at least the screening review threshold.
140,PL4421.1,"PL4421 GEM to GETVS - 3"" Gas Lift Jumper",GAS,NOT IN USE,0.0,X60,413.7,0.72,NSTA MX_OP_PRES barg plus atmospheric pressure for screening consistency,180.0,88.9,7.62,0.2,18.101325,104.14,3.164317,4.455683,0.584735,0.415265,pass_sanity,Reported wall thickness is above the simple pressure minimum by at least the screening review threshold.
141,PL4768,NTM TOWHEAD TO PN3 WELL,GAS,ACTIVE,0.054546,X60,413.7,0.72,NSTA MX_OP_PRES barg plus atmospheric pressure for screening consistency,248.0,42.0,12.7,0.2,24.901325,67.4,2.817308,9.882692,0.778165,0.221835,pass_sanity,Reported wall thickness is above the simple pressure minimum by at least the screening review threshold.
142,PL4421.2,"PL4421 GETVS to Pipeline Flange - 3"" Gas Lift Jumper GE03",GAS,ACTIVE,0.084,X60,413.7,0.72,NSTA MX_OP_PRES barg plus atmospheric pressure for screening consistency,180.0,76.2,19.6,0.2,18.101325,115.4,3.506454,16.093546,0.821099,0.178901,pass_sanity,Reported wall thickness is above the simple pressure minimum by at least the screening review threshold.
143,PL4421.3,"PL4421 GE Pipeline Flange to Well GE P-03 - 3"" Gas Lift Jumper GE03",GAS,ACTIVE,0.07,X60,413.7,0.72,NSTA MX_OP_PRES barg plus atmospheric pressure for screening consistency,180.0,76.2,19.6,0.2,18.101325,115.4,3.506454,16.093546,0.821099,0.178901,pass_sanity,Reported wall thickness is above the simple pressure minimum by at least the screening review threshold.
144,PL2852,DUNLIN FUEL GAS IMPORT PIPELINE,GAS,ABANDONED,10.097,X60,413.7,0.72,NSTA MX_OP_PRES barg plus atmospheric pressure for screening consistency,165.0,98.5,7.9,0.2,16.601325,114.3,3.185231,4.714769,0.596806,0.403194,pass_sanity,Reported wall thickness is above the simple pressure minimum by at least the screening review threshold.
145,PL1652.2,GW TREE 21/24-W2Y (TE) PROD LINE,MIXED HYDROCARBONS,ACTIVE,0.0328,X60,413.7,0.72,NSTA MX_OP_PRES barg plus atmospheric pressure for screening consistency,180.0,97.1,8.6,0.2,18.101325,114.3,3.47303,5.12697,0.596159,0.403841,pass_sanity,Reported wall thickness is above the simple pressure minimum by at least the screening review threshold.
146,PL1652.7,GW TREE 21/24-E1 (TB) PROD LINE,MIXED HYDROCARBONS,ACTIVE,0.0362,X60,413.7,0.72,NSTA MX_OP_PRES barg plus atmospheric pressure for screening consistency,180.0,97.1,8.6,0.2,18.101325,114.3,3.47303,5.12697,0.596159,0.403841,pass_sanity,Reported wall thickness is above the simple pressure minimum by at least the screening review threshold.
147,PL1652.1,GW TREE 21/24-W1Z (TD) PROD LINE,MIXED HYDROCARBONS,ACTIVE,0.0336,X60,413.7,0.72,NSTA MX_OP_PRES barg plus atmospheric pressure for screening consistency,180.0,97.1,8.6,0.2,18.101325,114.3,3.47303,5.12697,0.596159,0.403841,pass_sanity,Reported wall thickness is above the simple pressure minimum by at least the screening review threshold.
148,PL4762,NTM TOWHEAD TO PN7 WELL,GAS,ACTIVE,0.053653,X60,413.7,0.72,NSTA MX_OP_PRES barg plus atmospheric pressure for screening consistency,215.0,42.8,12.7,0.2,21.601325,68.2,2.472958,10.227042,0.805279,0.194721,pass_sanity,Reported wall thickness is above the simple pressure minimum by at least the screening review threshold.
149,PL6611,PL6611 3 INCH GAS LIFT - BELINDA BE01 TO GEEBB MANIFOLD,GAS,ACTIVE,4.581,X60,413.7,0.72,NSTA MX_OP_PRES barg plus atmospheric pressure for screening consistency,180.0,73.7,7.6,0.2,18.101325,88.9,2.701246,4.898754,0.644573,0.355427,pass_sanity,Reported wall thickness is above the simple pressure minimum by at least the screening review threshold.
150,PL6606,"PL6606 EVELYN EV02 3"" GAS LIFT TIE-IN SPOOLS",GAS,ACTIVE,0.061,X60,413.7,0.72,NSTA MX_OP_PRES barg plus atmospheric pressure for screening consistency,200.0,73.66,7.62,0.2,20.101325,88.9,2.999704,4.620296,0.606338,0.393662,pass_sanity,Reported wall thickness is above the simple pressure minimum by at least the screening review threshold.
151,PL6495,GNW TREE 21/24-W5Z (TF) GAS LIFT,GAS,ACTIVE,0.0175,X60,413.7,0.72,NSTA MX_OP_PRES barg plus atmospheric pressure for screening consistency,200.0,73.66,7.62,0.2,20.101325,88.9,2.999704,4.620296,0.606338,0.393662,pass_sanity,Reported wall thickness is above the simple pressure minimum by at least the screening review threshold.
152,PL2682,GNW TREE 21/24-W6Y (W6) GAS JUMPER,GAS,ACTIVE,0.04865,X60,413.7,0.72,NSTA MX_OP_PRES barg plus atmospheric pressure for screening consistency,200.0,49.22,8.74,0.2,20.101325,66.7,2.250622,6.489378,0.742492,0.257508,pass_sanity,Reported wall thickness is above the simple pressure minimum by at least the screening review threshold.
153,PL2584,NPR TO WD GAS LIFT,GAS,ABANDONED,2.3,X60,413.7,0.72,NSTA MX_OP_PRES barg plus atmospheric pressure for screening consistency,150.0,73.7,15.2,0.2,15.101325,104.1,2.638869,12.561131,0.82639,0.17361,pass_sanity,Reported wall thickness is above the simple pressure minimum by at least the screening review threshold.
154,PL6137,CLAPHAM GAS LIFT FLOWINE DC6 TO DC5 IDENT 2,GAS,ABANDONED,0.064,X60,413.7,0.72,NSTA MX_OP_PRES barg plus atmospheric pressure for screening consistency,200.0,101.6,18.65,0.2,20.101325,138.9,4.686827,13.963173,0.748696,0.251304,pass_sanity,Reported wall thickness is above the simple pressure minimum by at least the screening review threshold.
155,PL6611,PL6611 3 INCH GAS LIFT TIE-IN SPOOL,GAS,ACTIVE,0.0449,X60,413.7,0.72,NSTA MX_OP_PRES barg plus atmospheric pressure for screening consistency,180.0,7.7,7.6,0.2,18.101325,22.9,0.695821,6.904179,0.908445,0.091555,pass_sanity,Reported wall thickness is above the simple pressure minimum by at least the screening review threshold.
